Date,Value Date,Description,Reference,Debit,Credit
9/1/2026,9/1/2026,Monthly account fee,900628282,15.34,
9/1/2026,9/1/2026,GLORY TOURS PILGRIMAGES LLC - PILGRIMAGE LAND ARRANGEMENTS IN NET,900872583,,44205
9/1/2026,9/1/2026,ATLANTIC HOTEL HEIDELBERG EUROPA - REF NO. 33666510 GLORY TOUR/FR JAZMIN ACCOMMODATION PAYMENT,900996678,2248.5,
9/1/2026,9/1/2026,Transfer fee - related ref 900996678,900996679,0.95,
9/1/2026,9/1/2026,SAS SOCIETE HOTELIERE DU MESNIL AMELOT - REF BY-1795242-2355079 GLORY TOURS/FR JAZMIN ACCOMMODATION PAYMENT,900997672,6684.37,
9/1/2026,9/1/2026,Transfer fee - related ref 900997672,900997673,0.95,
9/1/2026,9/1/2026,SAS SOCIETE HOTELIERE DU MESNIL AMELOT - REF BY-1802719-2363155 GLORY TOURS/FR RAMOS ACCOMMODATION PAYMENT,900998735,4728.58,
9/1/2026,9/1/2026,Transfer fee - related ref 900998735,900998736,0.95,
9/1/2026,9/1/2026,HOTEL LOIRE SAS - NUMERO DE RESERVATION 697286 BALANCE PAYMENT,901047375,1521.05,
9/1/2026,9/1/2026,Transfer fee - related ref 901047375,901047376,0.95,
9/1/2026,9/1/2026,SAS SOCIETE HOTEL ROISSY - RESERVATION 08790 BALANCE PAYMENT,901049408,2212.4,
9/1/2026,9/1/2026,Transfer fee - related ref 901049408,901049409,0.95,
9/1/2026,9/1/2026,MARIA HELENA SALVADO MARTINS FRADIQUE - ADVANCED TOUR MANAGER PAYMENT GLORY TOURS/FR RAMOS,901190517,5100,
9/1/2026,9/1/2026,Transfer fee - related ref 901190517,901190518,0.95,
9/1/2026,9/1/2026,CORNE HENRI BIBO - ADVANCED PAYMENT TOUR MANAGER EXPENSES GLORY TOURS FR JAZMIN,901192884,3000,
9/1/2026,9/1/2026,Transfer fee - related ref 901192884,901192885,0.95,
9/2/2026,9/2/2026,MLOPESTUR - UNIPESSOAL LDA - INVOICE NO FT 1.1/1275 GLORY TOURS - FR RAMOS,901737497,8500,
9/2/2026,9/2/2026,Transfer fee - related ref 901737497,901737498,0.95,
9/2/2026,9/2/2026,KEYTEL S.A. - REF 1799434 GLORY TOURS JOSSIE GRP AMSTERDAM,901790565,518.68,
9/2/2026,9/2/2026,Transfer fee - related ref 901790565,901790566,0.95,
9/2/2026,9/2/2026,KEYTEL S.A. - REF 1799434 GLORY TOURS JOSSIE AMSTERDAM,901804883,269.26,
9/2/2026,9/2/2026,Transfer fee - related ref 901804883,901804885,0.95,
9/2/2026,9/2/2026,NAP - tax authority refund / payment,901862505,,1284
9/3/2026,9/3/2026,GLORY TOURS PILGRIMAGES LLC - PILGRIMAGE LAND ARRANGEMENTS IN NET,902321266,,40475
9/1/2026,9/1/2026,Card payment - Hotel Stoller PBL Zurich,902348256,410.98,
9/4/2026,9/4/2026,CORNE HENRI BIBO - ADVANCED TOUR EXPENSES PAYMENT,902811411,1000,
9/4/2026,9/4/2026,Transfer fee - related ref 902811411,902811412,0.95,
9/4/2026,9/4/2026,CATOLICA HOTEL - GLORY TOURS FR RAMOS PAYMENT,903176054,532,
9/4/2026,9/4/2026,Transfer fee - related ref 903176054,903176055,0.95,
9/4/2026,9/4/2026,VASCO FILIPE PEREITO EMP TURISTICOS E HOTELEIRO - GLORY TOURS FR JUANCHO PAYMENT,903177213,788,
9/4/2026,9/4/2026,Transfer fee - related ref 903177213,903177214,0.95,
9/4/2026,9/4/2026,CATOLICA HOTEL - PROFORMA N: 400/FP GLORY TOURS FR RAMOS,903461753,750,
9/8/2026,9/8/2026,Transfer fee - related ref 903461753,903461754,0.95,
9/4/2026,9/4/2026,HOTEL SILKEN GRAN TEATRO - GRHGT00095519 GLORY TOURS FR RAMOS,903462060,2244.8,
9/8/2026,9/8/2026,Transfer fee - related ref 903462060,903462061,0.95,
9/4/2026,9/4/2026,HOTEL SILKEN GRAN TEATRO - GRHGT0009551 GLORY TOURS FR JUANCHO,903462240,2763.5,
9/8/2026,9/8/2026,Transfer fee - related ref 903462240,903462241,0.95,
9/8/2026,9/8/2026,KEYTEL S.A. - FR. JUANCHO SPAIN HOTELS FINAL PAYMENT,903716900,11467.2,
9/8/2026,9/8/2026,Transfer fee - related ref 903716900,903716901,0.95,
9/8/2026,9/8/2026,VOX S.P.A - AUDIO SETS SWISSZERAND,905561853,202,
9/8/2026,9/8/2026,Transfer fee - related ref 905561853,905561854,0.95,
9/7/2026,9/7/2026,ATM withdrawal - NOSTO 5134 HELSINKI,905806129,205,
9/7/2026,9/7/2026,ATM fee - NOSTO 5134 HELSINKI,905806130,1,
9/10/2026,9/10/2026,SAS SOCIETE HOTELIERE DU MESNIL AMELOT - RAMOS BALANCE PAYMENT,906286171,1424.34,
9/10/2026,9/10/2026,Transfer fee - related ref 906286171,906286172,0.95,
9/10/2026,9/10/2026,PORTUCALE VOICE LTD - FT 2026/3452,906387652,188,
9/10/2026,9/10/2026,Transfer fee - related ref 906387652,906387653,0.95,
9/11/2026,9/11/2026,ST GILES CATHEDRAL - INVOICE NO 1820,907030763,83.33,
9/11/2026,9/11/2026,Transfer fee - related ref 907030763,907030764,26,
9/15/2026,9/15/2026,NEILLS PARK HOTEL GMBH - UBERZHLUNG RG 2226303802,909622896,,84.94
9/15/2026,9/15/2026,MARIA HELENA SALVADO MARTINS FRADIQUE - GLORY TOURS FR JUANCHO TOUR EXPENSES AND TOUR MANAGER PAYMENT,909785827,8269,
9/15/2026,9/15/2026,Transfer fee - related ref 909785827,909785828,0.95,
9/15/2026,9/15/2026,MLOPESTUR - UNIPESSOAL LDA - FT 1.1/1279 GLORY TOURS FR JUANCHO TOUR BUS PAYMENT,909786362,11000,
9/15/2026,9/15/2026,Transfer fee - related ref 909786362,909786364,0.95,
9/15/2026,9/15/2026,KEYTEL S.A. - REFERENCE 1799434 TOUR GUIDE ACCOMMODATION PAYMENT,909862579,269.23,
9/15/2026,9/15/2026,Transfer fee - related ref 909862579,909862580,0.95,
9/16/2026,9/16/2026,GLORY TOURS PILGRIMAGES LLC - PILGRIMAGE LAND ARRANGEMENTS IN NET,910211513,,40475
9/16/2026,9/16/2026,ERDAL VARDARLI - WITHDRAWAL,910347973,14000,
9/16/2026,9/16/2026,Internal bank transfer fee - related ref 910347973,910347974,0.4,
9/16/2026,9/16/2026,KEYTEL S.A. - REFERENCE 1799141 ADDITIONAL ROOM PAYMENT GLORY TOURS FR JUANCHO,910368082,1564.67,
9/16/2026,9/16/2026,Transfer fee - related ref 910368082,910368083,0.95,
9/17/2026,9/17/2026,HIERA TURIZM INSAAT - 21 SEPTEMBER LUNCH PAYMENT,910768299,175,
9/17/2026,9/17/2026,Commission expenses OUR - related ref 910768299,910768300,16,
9/17/2026,9/17/2026,Foreign currency / transfer fee - related ref 910768299,910768301,80,
9/18/2026,9/18/2026,SOCIETE HOTELIERE DU MESNIL AMELOT - RBT EPOCH JOURNEYS - OCEANIA ROISSY,911025353,,858
9/19/2026,9/19/2026,Card payment - Adobe,911906697,19.99,
9/23/2026,9/23/2026,ERDAL VARDARLI - WITHDRAWAL,912605761,6000,
9/23/2026,9/23/2026,Internal bank transfer fee - related ref 912605761,912605762,0.4,
9/24/2026,9/24/2026,RAIL EUROPE,912808156,,316
9/23/2026,9/23/2026,Card payment - 353 GLOBAL 353 BARCELONA AIRP BARCELONA,913163137,304.95,
9/23/2026,9/23/2026,Card fee - 353 GLOBAL 353 BARCELONA AIRP BARCELONA,913163138,1,
9/28/2026,9/28/2026,PORTUCALE VOICE LTD - FT 2026/4089,913654895,264.5,
9/28/2026,9/28/2026,Transfer fee - related ref 913654895,913654896,0.95,
9/24/2026,9/24/2026,Card payment - CN EVENTS CASTELLDEFELS,913857238,93.06,
9/28/2026,9/28/2026,KEYTEL S.A. - REFERENCE 1799141 BALANCE PAYMENT,914039495,105.6,
9/28/2026,9/28/2026,Transfer fee - related ref 914039495,914039496,0.95,
9/27/2026,9/27/2026,Card payment - CAFE BAR PARIS SANTIAGO DE C,914314237,38.5,
